Input_Steps,MAE,MSE,RMSE,SMAPE,R2
48,14.174904893476477,447.4641650754662,17.99551058547772,17.111314917720094,-0.27900178520977414
