Input_Steps,MAE,MSE,RMSE,SMAPE,R2
48,18.344324539108648,666.1348395330391,23.760217155637896,38.614336027864866,0.2997852131545151
